{
  "total_runs": 1540,
  "models": [
    "hugging-quants/Meta-Llama-3.1-8B-Instruct-AWQ-INT4"
  ],
  "timestamp": "2026-04-01 00:57",
  "condition_means": {
    "R1_T10_adversarial": {
      "mean": 0.3111111111111111,
      "std": 0.46294814791110356,
      "n": 45
    },
    "R1_T10_benign": {
      "mean": 1.0,
      "std": 0.0,
      "n": 45
    },
    "R1_T15_adversarial": {
      "mean": 0.1111111111111111,
      "std": 0.3142696805273545,
      "n": 45
    },
    "R1_T15_benign": {
      "mean": 1.0,
      "std": 0.0,
      "n": 45
    },
    "R1_T1_adversarial": {
      "mean": 0.5,
      "std": 0.5,
      "n": 60
    },
    "R1_T1_benign": {
      "mean": 1.0,
      "std": 0.0,
      "n": 60
    },
    "R1_T5_adversarial": {
      "mean": 0.5,
      "std": 0.5,
      "n": 60
    },
    "R1_T5_benign": {
      "mean": 1.0,
      "std": 0.0,
      "n": 60
    },
    "R3_T10_adversarial": {
      "mean": 0.3592592592592592,
      "std": 0.25326401477450006,
      "n": 45
    },
    "R3_T10_benign": {
      "mean": 0.8333333333333334,
      "std": 0.19245008972987526,
      "n": 45
    },
    "R3_T15_adversarial": {
      "mean": 0.47407407407407404,
      "std": 0.2220987311194807,
      "n": 45
    },
    "R3_T15_benign": {
      "mean": 0.8888888888888888,
      "std": 0.15713484026367727,
      "n": 45
    },
    "R3_T1_adversarial": {
      "mean": 0.7638888888888888,
      "std": 0.2587213334749605,
      "n": 60
    },
    "R3_T1_benign": {
      "mean": 0.9166666666666666,
      "std": 0.14433756729740643,
      "n": 60
    },
    "R3_T5_adversarial": {
      "mean": 0.6916666666666667,
      "std": 0.31597145909553753,
      "n": 60
    },
    "R3_T5_benign": {
      "mean": 0.8472222222222221,
      "std": 0.18582066889249516,
      "n": 60
    },
    "R5_T10_adversarial": {
      "mean": 0.674074074074074,
      "std": 0.17797057447013281,
      "n": 45
    },
    "R5_T10_benign": {
      "mean": 0.8425925925925923,
      "std": 0.14404027024170413,
      "n": 45
    },
    "R5_T15_adversarial": {
      "mean": 0.6881481481481482,
      "std": 0.13884987106260313,
      "n": 45
    },
    "R5_T15_benign": {
      "mean": 0.7551851851851852,
      "std": 0.19400974336682683,
      "n": 45
    },
    "R5_T1_adversarial": {
      "mean": 0.8333333333333334,
      "std": 0.18633899812498247,
      "n": 60
    },
    "R5_T1_benign": {
      "mean": 0.8124999999999999,
      "std": 0.17052818274734272,
      "n": 60
    },
    "R5_T5_adversarial": {
      "mean": 0.723611111111111,
      "std": 0.21692915012242941,
      "n": 60
    },
    "R5_T5_benign": {
      "mean": 0.779722222222222,
      "std": 0.13344063969041686,
      "n": 60
    },
    "R7_T10_adversarial": {
      "mean": 0.6477777777777779,
      "std": 0.14107611114502155,
      "n": 30
    },
    "R7_T10_benign": {
      "mean": 0.8666666666666668,
      "std": 0.09428090415820631,
      "n": 30
    },
    "R7_T15_adversarial": {
      "mean": 0.6188888888888887,
      "std": 0.17356466045259528,
      "n": 30
    },
    "R7_T15_benign": {
      "mean": 0.7666666666666669,
      "std": 0.074535599249993,
      "n": 30
    },
    "R7_T1_adversarial": {
      "mean": 0.8125,
      "std": 0.1311673019891433,
      "n": 40
    },
    "R7_T1_benign": {
      "mean": 0.775,
      "std": 0.119895788082818,
      "n": 40
    },
    "R7_T5_adversarial": {
      "mean": 0.6797619047619048,
      "std": 0.13343427301641625,
      "n": 40
    },
    "R7_T5_benign": {
      "mean": 0.8,
      "std": 0.0,
      "n": 40
    }
  },
  "threshold_detection": {
    "R1_adversarial": {
      "DO_mean_turn": 4.16969696969697,
      "DO_n": 165,
      "CT_mean_turn": 4.16969696969697,
      "CT_n": 165
    },
    "R1_benign": {
      "DO_mean_turn": null,
      "DO_n": 0,
      "CT_mean_turn": null,
      "CT_n": 0
    },
    "R3_adversarial": {
      "DO_mean_turn": 2.8,
      "DO_n": 175,
      "CT_mean_turn": 7.19672131147541,
      "CT_n": 122
    },
    "R3_benign": {
      "DO_mean_turn": 1.0526315789473684,
      "DO_n": 95,
      "CT_mean_turn": null,
      "CT_n": 0
    },
    "R5_adversarial": {
      "DO_mean_turn": 2.467455621301775,
      "DO_n": 169,
      "CT_mean_turn": 10.03125,
      "CT_n": 32
    },
    "R5_benign": {
      "DO_mean_turn": 1.082191780821918,
      "DO_n": 146,
      "CT_mean_turn": 3.05,
      "CT_n": 20
    },
    "R7_adversarial": {
      "DO_mean_turn": 4.0625,
      "DO_n": 96,
      "CT_mean_turn": 7.45945945945946,
      "CT_n": 37
    },
    "R7_benign": {
      "DO_mean_turn": 3.0,
      "DO_n": 33,
      "CT_mean_turn": 13.0,
      "CT_n": 3
    }
  }
}