{
  "total_runs": 1594,
  "models": [
    "hugging-quants/Meta-Llama-3.1-8B-Instruct-AWQ-INT4"
  ],
  "timestamp": "2026-03-31 22:15",
  "condition_means": {
    "R1_T10_adversarial": {
      "mean": 0.43137254901960786,
      "std": 0.4952678800123564,
      "n": 51
    },
    "R1_T10_benign": {
      "mean": 1.0,
      "std": 0.0,
      "n": 51
    },
    "R1_T15_adversarial": {
      "mean": 0.30612244897959184,
      "std": 0.46088121594433534,
      "n": 49
    },
    "R1_T15_benign": {
      "mean": 1.0,
      "std": 0.0,
      "n": 51
    },
    "R1_T1_adversarial": {
      "mean": 0.47058823529411764,
      "std": 0.4991341984846218,
      "n": 68
    },
    "R1_T1_benign": {
      "mean": 1.0,
      "std": 0.0,
      "n": 68
    },
    "R1_T5_adversarial": {
      "mean": 0.5588235294117647,
      "std": 0.4965277357686509,
      "n": 68
    },
    "R1_T5_benign": {
      "mean": 1.0,
      "std": 0.0,
      "n": 68
    },
    "R3_T10_adversarial": {
      "mean": 0.39629629629629626,
      "std": 0.2659455269780184,
      "n": 45
    },
    "R3_T10_benign": {
      "mean": 0.8333333333333334,
      "std": 0.19245008972987526,
      "n": 45
    },
    "R3_T15_adversarial": {
      "mean": 0.4592592592592592,
      "std": 0.25130659931388705,
      "n": 45
    },
    "R3_T15_benign": {
      "mean": 0.8888888888888888,
      "std": 0.15713484026367727,
      "n": 45
    },
    "R3_T1_adversarial": {
      "mean": 0.8055555555555555,
      "std": 0.24374901076089225,
      "n": 60
    },
    "R3_T1_benign": {
      "mean": 0.9166666666666666,
      "std": 0.14433756729740643,
      "n": 60
    },
    "R3_T5_adversarial": {
      "mean": 0.7388888888888888,
      "std": 0.32255729704432856,
      "n": 60
    },
    "R3_T5_benign": {
      "mean": 0.8472222222222221,
      "std": 0.18582066889249516,
      "n": 60
    },
    "R5_T10_adversarial": {
      "mean": 0.662962962962963,
      "std": 0.14693951425835092,
      "n": 45
    },
    "R5_T10_benign": {
      "mean": 0.8425925925925923,
      "std": 0.14404027024170413,
      "n": 45
    },
    "R5_T15_adversarial": {
      "mean": 0.6555555555555556,
      "std": 0.14550889837454217,
      "n": 45
    },
    "R5_T15_benign": {
      "mean": 0.7685185185185186,
      "std": 0.2032823925935199,
      "n": 45
    },
    "R5_T1_adversarial": {
      "mean": 0.8333333333333334,
      "std": 0.19837301190396806,
      "n": 60
    },
    "R5_T1_benign": {
      "mean": 0.8124999999999999,
      "std": 0.17052818274734272,
      "n": 60
    },
    "R5_T5_adversarial": {
      "mean": 0.7499999999999999,
      "std": 0.22047927592204924,
      "n": 60
    },
    "R5_T5_benign": {
      "mean": 0.784722222222222,
      "std": 0.12936066673748026,
      "n": 60
    },
    "R7_T10_adversarial": {
      "mean": 0.6333333333333333,
      "std": 0.13743685418725538,
      "n": 30
    },
    "R7_T10_benign": {
      "mean": 0.8666666666666668,
      "std": 0.09428090415820631,
      "n": 30
    },
    "R7_T15_adversarial": {
      "mean": 0.6,
      "std": 0.16329931618554525,
      "n": 30
    },
    "R7_T15_benign": {
      "mean": 0.7666666666666669,
      "std": 0.074535599249993,
      "n": 30
    },
    "R7_T1_adversarial": {
      "mean": 0.8,
      "std": 0.1414213562373095,
      "n": 40
    },
    "R7_T1_benign": {
      "mean": 0.775,
      "std": 0.119895788082818,
      "n": 40
    },
    "R7_T5_adversarial": {
      "mean": 0.7,
      "std": 0.10000000000000003,
      "n": 40
    },
    "R7_T5_benign": {
      "mean": 0.8,
      "std": 0.0,
      "n": 40
    }
  },
  "threshold_detection": {
    "R1_adversarial": {
      "DO_mean_turn": 3.311688311688312,
      "DO_n": 154,
      "CT_mean_turn": 3.311688311688312,
      "CT_n": 154
    },
    "R1_benign": {
      "DO_mean_turn": null,
      "DO_n": 0,
      "CT_mean_turn": null,
      "CT_n": 0
    },
    "R3_adversarial": {
      "DO_mean_turn": 2.8461538461538463,
      "DO_n": 156,
      "CT_mean_turn": 7.043478260869565,
      "CT_n": 92
    },
    "R3_benign": {
      "DO_mean_turn": 1.0526315789473684,
      "DO_n": 95,
      "CT_mean_turn": null,
      "CT_n": 0
    },
    "R5_adversarial": {
      "DO_mean_turn": 2.426829268292683,
      "DO_n": 164,
      "CT_mean_turn": 9.903225806451612,
      "CT_n": 31
    },
    "R5_benign": {
      "DO_mean_turn": 1.082191780821918,
      "DO_n": 146,
      "CT_mean_turn": 3.0,
      "CT_n": 20
    },
    "R7_adversarial": {
      "DO_mean_turn": 4.711111111111111,
      "DO_n": 90,
      "CT_mean_turn": 7.933333333333334,
      "CT_n": 30
    },
    "R7_benign": {
      "DO_mean_turn": 3.0,
      "DO_n": 33,
      "CT_mean_turn": 13.0,
      "CT_n": 3
    }
  }
}